COD_UBIGEO,NOMB_DISTRITO,COD_PROVINCIA
010101,CHACHAPOYAS,0101
010102,ASUNCION,0101
010103,BALSAS,0101
010104,CHETO,0101
010105,CHILIQUIN,0101
010106,CHUQUIBAMBA,0101
010107,GRANADA,0101
010108,HUANCAS,0101
010109,LA JALCA,0101
010110,LEIMEBAMBA,0101
010111,LEVANTO,0101
010112,MAGDALENA,0101
010113,MARISCAL CASTILLA,0101
010114,MOLINOPAMPA,0101
010115,MONTEVIDEO,0101
010116,OLLEROS,0101
010117,QUINJALCA,0101
010118,SAN FRANCISCO DE DAGUAS,0101
010119,SAN ISIDRO DE MAINO,0101
010120,SOLOCO,0101
010121,SONCHE,0101
010201,BAGUA,0102
010202,ARAMANGO,0102
010203,COPALLIN,0102
010204,EL PARCO,0102
010205,IMAZA,0102
010206,LA PECA,0102
010301,JUMBILLA,0103
010302,CHISQUILLA,0103
010303,CHURUJA,0103
010304,COROSHA,0103
010305,CUISPES,0103
010306,FLORIDA,0103
010307,JAZAN,0103
010308,RECTA,0103
010309,SAN CARLOS,0103
010310,SHIPASBAMBA,0103
010311,VALERA,0103
010312,YAMBRASBAMBA,0103
010401,NIEVA,0104
010402,EL CENEPA,0104
010403,RIO SANTIAGO,0104
010501,LAMUD,0105
010502,CAMPORREDONDO,0105
010503,COCABAMBA,0105
010504,COLCAMAR,0105
010505,CONILA,0105
010506,INGUILPATA,0105
010507,LONGUITA,0105
010508,LONYA CHICO,0105
010509,LUYA,0105
010510,LUYA VIEJO,0105
010511,MARIA,0105
010512,OCALLI,0105
010513,OCUMAL,0105
010514,PISUQUIA,0105
010515,PROVIDENCIA,0105
010516,SAN CRISTOBAL,0105
010517,SAN FRANCISCO DEL YESO,0105
010518,SAN JERONIMO,0105
010519,SAN JUAN DE LOPECANCHA,0105
010520,SANTA CATALINA,0105
010521,SANTO TOMAS,0105
010522,TINGO,0105
010523,TRITA,0105
010601,SAN NICOLAS,0106
010602,CHIRIMOTO,0106
010603,COCHAMAL,0106
010604,HUAMBO,0106
010605,LIMABAMBA,0106
010606,LONGAR,0106
010607,MARISCAL BENAVIDES,0106
010608,MILPUC,0106
010609,OMIA,0106
010610,SANTA ROSA,0106
010611,TOTORA,0106
010612,VISTA ALEGRE,0106
010701,BAGUA GRANDE,0107
010702,CAJARURO,0107
010703,CUMBA,0107
010704,EL MILAGRO,0107
010705,JAMALCA,0107
010706,LONYA GRANDE,0107
010707,YAMON,0107
020101,HUARAZ,0201
020102,COCHABAMBA,0201
020103,COLCABAMBA,0201
020104,HUANCHAY,0201
020105,INDEPENDENCIA,0201
020106,JANGAS,0201
020107,LA LIBERTAD,0201
020108,OLLEROS,0201
020109,PAMPAS,0201
020110,PARIACOTO,0201
020111,PIRA,0201
020112,TARICA,0201
020201,AIJA,0202
020202,CORIS,0202
020203,HUACLLAN,0202
020204,LA MERCED,0202
020205,SUCCHA,0202
020301,LLAMELLIN,0203
020302,ACZO,0203
020303,CHACCHO,0203
020304,CHINGAS,0203
020305,MIRGAS,0203
020306,SAN JUAN DE RONTOY,0203
020401,CHACAS,0204
020402,ACOCHACA,0204
020501,CHIQUIAN,0205
020502,ABELARDO PARDO LEZAMETA,0205
020503,ANTONIO RAYMONDI,0205
020504,AQUIA,0205
020505,CAJACAY,0205
020506,CANIS,0205
020507,COLQUIOC,0205
020508,HUALLANCA,0205
020509,HUASTA,0205
020510,HUAYLLACAYAN,0205
020511,LA PRIMAVERA,0205
020512,MANGAS,0205
020513,PACLLON,0205
020514,SAN MIGUEL DE CORPANQUI,0205
020515,TICLLOS,0205
020601,CARHUAZ,0206
020602,ACOPAMPA,0206
020603,AMASHCA,0206
020604,ANTA,0206
020605,ATAQUERO,0206
020606,MARCARA,0206
020607,PARIAHUANCA,0206
020608,SAN MIGUEL DE ACO,0206
020609,SHILLA,0206
020610,TINCO,0206
020611,YUNGAR,0206
020701,SAN LUIS,0207
020702,SAN NICOLAS,0207
020703,YAUYA,0207
020801,CASMA,0208
020802,BUENA VISTA ALTA,0208
020803,COMANDANTE NOEL,0208
020804,YAUTAN,0208
020901,CORONGO,0209
020902,ACO,0209
020903,BAMBAS,0209
020904,CUSCA,0209
020905,LA PAMPA,0209
020906,YANAC,0209
020907,YUPAN,0209
021001,HUARI,0210
021002,ANRA,0210
021003,CAJAY,0210
021004,CHAVIN DE HUANTAR,0210
021005,HUACACHI,0210
021006,HUACCHIS,0210
021007,HUACHIS,0210
021008,HUANTAR,0210
021009,MASIN,0210
021010,PAUCAS,0210
021011,PONTO,0210
021012,RAHUAPAMPA,0210
021013,RAPAYAN,0210
021014,SAN MARCOS,0210
021015,SAN PEDRO DE CHANA,0210
021016,UCO,0210
021101,HUARMEY,0211
021102,COCHAPETI,0211
021103,CULEBRAS,0211
021104,HUAYAN,0211
021105,MALVAS,0211
021201,CARAZ,0212
021202,HUALLANCA,0212
021203,HUATA,0212
021204,HUAYLAS,0212
021205,MATO,0212
021206,PAMPAROMAS,0212
021207,PUEBLO LIBRE,0212
021208,SANTA CRUZ,0212
021209,SANTO TORIBIO,0212
021210,YURACMARCA,0212
021301,PISCOBAMBA,0213
021302,CASCA,0213
021303,ELEAZAR GUZMAN BARRON,0213
021304,FIDEL OLIVAS ESCUDERO,0213
021305,LLAMA,0213
021306,LLUMPA,0213
021307,LUCMA,0213
021308,MUSGA,0213
021401,OCROS,0214
021402,ACAS,0214
021403,CAJAMARQUILLA,0214
021404,CARHUAPAMPA,0214
021405,COCHAS,0214
021406,CONGAS,0214
021407,LLIPA,0214
021408,SAN CRISTOBAL DE RAJAN,0214
021409,SAN PEDRO,0214
021410,SANTIAGO DE CHILCAS,0214
021501,CABANA,0215
021502,BOLOGNESI,0215
021503,CONCHUCOS,0215
021504,HUACASCHUQUE,0215
021505,HUANDOVAL,0215
021506,LACABAMBA,0215
021507,LLAPO,0215
021508,PALLASCA,0215
021509,PAMPAS,0215
021510,SANTA ROSA,0215
021511,TAUCA,0215
021601,POMABAMBA,0216
021602,HUAYLLAN,0216
021603,PAROBAMBA,0216
021604,QUINUABAMBA,0216
021701,RECUAY,0217
021702,CATAC,0217
021703,COTAPARACO,0217
021704,HUAYLLAPAMPA,0217
021705,LLACLLIN,0217
021706,MARCA,0217
021707,PAMPAS CHICO,0217
021708,PARARIN,0217
021709,TAPACOCHA,0217
021710,TICAPAMPA,0217
021801,CHIMBOTE,0218
021802,CACERES DEL PERU,0218
021803,COISHCO,0218
021804,MACATE,0218
021805,MORO,0218
021806,NEPEÑA,0218
021807,SAMANCO,0218
021808,SANTA,0218
021809,NUEVO CHIMBOTE,0218
021901,SIHUAS,0219
021902,ACOBAMBA,0219
021903,ALFONSO UGARTE,0219
021904,CASHAPAMPA,0219
021905,CHINGALPO,0219
021906,HUAYLLABAMBA,0219
021907,QUICHES,0219
021908,RAGASH,0219
021909,SAN JUAN,0219
021910,SICSIBAMBA,0219
022001,YUNGAY,0220
022002,CASCAPARA,0220
022003,MANCOS,0220
022004,MATACOTO,0220
022005,QUILLO,0220
022006,RANRAHIRCA,0220
022007,SHUPLUY,0220
022008,YANAMA,0220
030101,ABANCAY,0301
030102,CHACOCHE,0301
030103,CIRCA,0301
030104,CURAHUASI,0301
030105,HUANIPACA,0301
030106,LAMBRAMA,0301
030107,PICHIRHUA,0301
030108,SAN PEDRO DE CACHORA,0301
030109,TAMBURCO,0301
030201,ANDAHUAYLAS,0302
030202,ANDARAPA,0302
030203,CHIARA,0302
030204,HUANCARAMA,0302
030205,HUANCARAY,0302
030206,HUAYANA,0302
030207,KISHUARA,0302
030208,PACOBAMBA,0302
030209,PACUCHA,0302
030210,PAMPACHIRI,0302
030211,POMACOCHA,0302
030212,SAN ANTONIO DE CACHI,0302
030213,SAN JERONIMO,0302
030214,SAN MIGUEL DE CHACCRAMPA,0302
030215,SANTA MARIA DE CHICMO,0302
030216,TALAVERA,0302
030217,TUMAY HUARACA,0302
030218,TURPO,0302
030219,KAQUIABAMBA,0302
030220,JOSE MARIA ARGUEDAS,0302
030301,ANTABAMBA,0303
030302,EL ORO,0303
030303,HUAQUIRCA,0303
030304,JUAN ESPINOZA MEDRANO,0303
030305,OROPESA,0303
030306,PACHACONAS,0303
030307,SABAINO,0303
030401,CHALHUANCA,0304
030402,CAPAYA,0304
030403,CARAYBAMBA,0304
030404,CHAPIMARCA,0304
030405,COLCABAMBA,0304
030406,COTARUSE,0304
030407,HUAYLLO,0304
030408,JUSTO APU SAHUARAURA,0304
030409,LUCRE,0304
030410,POCOHUANCA,0304
030411,SAN JUAN DE CHACÑA,0304
030412,SAÑAYCA,0304
030413,SORAYA,0304
030414,TAPAIRIHUA,0304
030415,TINTAY,0304
030416,TORAYA,0304
030417,YANACA,0304
030501,TAMBOBAMBA,0305
030502,COTABAMBAS,0305
030503,COYLLURQUI,0305
030504,HAQUIRA,0305
030505,MARA,0305
030506,CHALLHUAHUACHO,0305
030601,CHINCHEROS,0306
030602,ANCO-HUALLO,0306
030603,COCHARCAS,0306
030604,HUACCANA,0306
030605,OCOBAMBA,0306
030606,ONGOY,0306
030607,URANMARCA,0306
030608,RANRACANCHA,0306
030609,ROCCHACC,0306
030610,EL PORVENIR,0306
030611,LOS CHANKAS,0306
030612,AHUAYRO,0306
030701,CHUQUIBAMBILLA,0307
030702,CURPAHUASI,0307
030703,GAMARRA,0307
030704,HUAYLLATI,0307
030705,MAMARA,0307
030706,MICAELA BASTIDAS,0307
030707,PATAYPAMPA,0307
030708,PROGRESO,0307
030709,SAN ANTONIO,0307
030710,SANTA ROSA,0307
030711,TURPAY,0307
030712,VILCABAMBA,0307
030713,VIRUNDO,0307
030714,CURASCO,0307
040101,AREQUIPA,0401
040102,ALTO SELVA ALEGRE,0401
040103,CAYMA,0401
040104,CERRO COLORADO,0401
040105,CHARACATO,0401
040106,CHIGUATA,0401
040107,JACOBO HUNTER,0401
040108,LA JOYA,0401
040109,MARIANO MELGAR,0401
040110,MIRAFLORES,0401
040111,MOLLEBAYA,0401
040112,PAUCARPATA,0401
040113,POCSI,0401
040114,POLOBAYA,0401
040115,QUEQUEÑA,0401
040116,SABANDIA,0401
040117,SACHACA,0401
040118,SAN JUAN DE SIGUAS,0401
040119,SAN JUAN DE TARUCANI,0401
040120,SANTA ISABEL DE SIGUAS,0401
040121,SANTA RITA DE SIGUAS,0401
040122,SOCABAYA,0401
040123,TIABAYA,0401
040124,UCHUMAYO,0401
040125,VITOR,0401
040126,YANAHUARA,0401
040127,YARABAMBA,0401
040128,YURA,0401
040129,JOSE LUIS BUSTAMANTE Y RIVERO,0401
040201,CAMANA,0402
040202,JOSE MARIA QUIMPER,0402
040203,MARIANO NICOLAS VALCARCEL,0402
040204,MARISCAL CACERES,0402
040205,NICOLAS DE PIEROLA,0402
040206,OCOÑA,0402
040207,QUILCA,0402
040208,SAMUEL PASTOR,0402
040301,CARAVELI,0403
040302,ACARI,0403
040303,ATICO,0403
040304,ATIQUIPA,0403
040305,BELLA UNION,0403
040306,CAHUACHO,0403
040307,CHALA,0403
040308,CHAPARRA,0403
040309,HUANUHUANU,0403
040310,JAQUI,0403
040311,LOMAS,0403
040312,QUICACHA,0403
040313,YAUCA,0403
040401,APLAO,0404
040402,ANDAGUA,0404
040403,AYO,0404
040404,CHACHAS,0404
040405,CHILCAYMARCA,0404
040406,CHOCO,0404
040407,HUANCARQUI,0404
040408,MACHAGUAY,0404
040409,ORCOPAMPA,0404
040410,PAMPACOLCA,0404
040411,TIPAN,0404
040412,UÑON,0404
040413,URACA,0404
040414,VIRACO,0404
040501,CHIVAY,0405
040502,ACHOMA,0405
040503,CABANACONDE,0405
040504,CALLALLI,0405
040505,CAYLLOMA,0405
040506,COPORAQUE,0405
040507,HUAMBO,0405
040508,HUANCA,0405
040509,ICHUPAMPA,0405
040510,LARI,0405
040511,LLUTA,0405
040512,MACA,0405
040513,MADRIGAL,0405
040514,SAN ANTONIO DE CHUCA,0405
040515,SIBAYO,0405
040516,TAPAY,0405
040517,TISCO,0405
040518,TUTI,0405
040519,YANQUE,0405
040520,MAJES,0405
040601,CHUQUIBAMBA,0406
040602,ANDARAY,0406
040603,CAYARANI,0406
040604,CHICHAS,0406
040605,IRAY,0406
040606,RIO GRANDE,0406
040607,SALAMANCA,0406
040608,YANAQUIHUA,0406
040701,MOLLENDO,0407
040702,COCACHACRA,0407
040703,DEAN VALDIVIA,0407
040704,ISLAY,0407
040705,MEJIA,0407
040706,PUNTA DE BOMBON,0407
040801,COTAHUASI,0408
040802,ALCA,0408
040803,CHARCANA,0408
040804,HUAYNACOTAS,0408
040805,PAMPAMARCA,0408
040806,PUYCA,0408
040807,QUECHUALLA,0408
040808,SAYLA,0408
040809,TAURIA,0408
040810,TOMEPAMPA,0408
040811,TORO,0408
050101,AYACUCHO,0501
050102,ACOCRO,0501
050103,ACOS VINCHOS,0501
050104,CARMEN ALTO,0501
050105,CHIARA,0501
050106,OCROS,0501
050107,PACAYCASA,0501
050108,QUINUA,0501
050109,SAN JOSE DE TICLLAS,0501
050110,SAN JUAN BAUTISTA,0501
050111,SANTIAGO DE PISCHA,0501
050112,SOCOS,0501
050113,TAMBILLO,0501
050114,VINCHOS,0501
050115,JESUS NAZARENO,0501
050116,ANDRES AVELINO CACERES DORREGARAY,0501
050201,CANGALLO,0502
050202,CHUSCHI,0502
050203,LOS MOROCHUCOS,0502
050204,MARIA PARADO DE BELLIDO,0502
050205,PARAS,0502
050206,TOTOS,0502
050301,SANCOS,0503
050302,CARAPO,0503
050303,SACSAMARCA,0503
050304,SANTIAGO DE LUCANAMARCA,0503
050401,HUANTA,0504
050402,AYAHUANCO,0504
050403,HUAMANGUILLA,0504
050404,IGUAIN,0504
050405,LURICOCHA,0504
050406,SANTILLANA,0504
050407,SIVIA,0504
050408,LLOCHEGUA,0504
050409,CANAYRE,0504
050410,UCHURACCAY,0504
050411,PUCACOLPA,0504
050412,CHACA,0504
050413,PUTIS,0504
050501,SAN MIGUEL,0505
050502,ANCO,0505
050503,AYNA,0505
050504,CHILCAS,0505
050505,CHUNGUI,0505
050506,LUIS CARRANZA,0505
050507,SANTA ROSA,0505
050508,TAMBO,0505
050509,SAMUGARI,0505
050510,ANCHIHUAY,0505
050511,ORONCCOY,0505
050512,UNION PROGRESO,0505
050513,RIO MAGDALENA,0505
050514,NINABAMBA,0505
050515,PATIBAMBA,0505
050601,PUQUIO,0506
050602,AUCARA,0506
050603,CABANA,0506
050604,CARMEN SALCEDO,0506
050605,CHAVIÑA,0506
050606,CHIPAO,0506
050607,HUAC-HUAS,0506
050608,LARAMATE,0506
050609,LEONCIO PRADO,0506
050610,LLAUTA,0506
050611,LUCANAS,0506
050612,OCAÑA,0506
050613,OTOCA,0506
050614,SAISA,0506
050615,SAN CRISTOBAL,0506
050616,SAN JUAN,0506
050617,SAN PEDRO,0506
050618,SAN PEDRO DE PALCO,0506
050619,SANCOS,0506
050620,SANTA ANA DE HUAYCAHUACHO,0506
050621,SANTA LUCIA,0506
050701,CORACORA,0507
050702,CHUMPI,0507
050703,CORONEL CASTAÑEDA,0507
050704,PACAPAUSA,0507
050705,PULLO,0507
050706,PUYUSCA,0507
050707,SAN FRANCISCO DE RAVACAYCO,0507
050708,UPAHUACHO,0507
050801,PAUSA,0508
050802,COLTA,0508
050803,CORCULLA,0508
050804,LAMPA,0508
050805,MARCABAMBA,0508
050806,OYOLO,0508
050807,PARARCA,0508
050808,SAN JAVIER DE ALPABAMBA,0508
050809,SAN JOSE DE USHUA,0508
050810,SARA SARA,0508
050901,QUEROBAMBA,0509
050902,BELEN,0509
050903,CHALCOS,0509
050904,CHILCAYOC,0509
050905,HUACAÑA,0509
050906,MORCOLLA,0509
050907,PAICO,0509
050908,SAN PEDRO DE LARCAY,0509
050909,SAN SALVADOR DE QUIJE,0509
050910,SANTIAGO DE PAUCARAY,0509
050911,SORAS,0509
051001,HUANCAPI,0510
051002,ALCAMENCA,0510
051003,APONGO,0510
051004,ASQUIPATA,0510
051005,CANARIA,0510
051006,CAYARA,0510
051007,COLCA,0510
051008,HUAMANQUIQUIA,0510
051009,HUANCARAYLLA,0510
051010,HUAYA,0510
051011,SARHUA,0510
051012,VILCANCHOS,0510
051101,VILCAS HUAMAN,0511
051102,ACCOMARCA,0511
051103,CARHUANCA,0511
051104,CONCEPCION,0511
051105,HUAMBALPA,0511
051106,INDEPENDENCIA,0511
051107,SAURAMA,0511
051108,VISCHONGO,0511
060101,CAJAMARCA,0601
060102,ASUNCION,0601
060103,CHETILLA,0601
060104,COSPAN,0601
060105,ENCAÑADA,0601
060106,JESUS,0601
060107,LLACANORA,0601
060108,LOS BAÑOS DEL INCA,0601
060109,MAGDALENA,0601
060110,MATARA,0601
060111,NAMORA,0601
060112,SAN JUAN,0601
060201,CAJABAMBA,0602
060202,CACHACHI,0602
060203,CONDEBAMBA,0602
060204,SITACOCHA,0602
060301,CELENDIN,0603
060302,CHUMUCH,0603
060303,CORTEGANA,0603
060304,HUASMIN,0603
060305,JORGE CHAVEZ,0603
060306,JOSE GALVEZ,0603
060307,MIGUEL IGLESIAS,0603
060308,OXAMARCA,0603
060309,SOROCHUCO,0603
060310,SUCRE,0603
060311,UTCO,0603
060312,LA LIBERTAD DE PALLAN,0603
060401,CHOTA,0604
060402,ANGUIA,0604
060403,CHADIN,0604
060404,CHIGUIRIP,0604
060405,CHIMBAN,0604
060406,CHOROPAMPA,0604
060407,COCHABAMBA,0604
060408,CONCHAN,0604
060409,HUAMBOS,0604
060410,LAJAS,0604
060411,LLAMA,0604
060412,MIRACOSTA,0604
060413,PACCHA,0604
060414,PION,0604
060415,QUEROCOTO,0604
060416,SAN JUAN DE LICUPIS,0604
060417,TACABAMBA,0604
060418,TOCMOCHE,0604
060419,CHALAMARCA,0604
060501,CONTUMAZA,0605
060502,CHILETE,0605
060503,CUPISNIQUE,0605
060504,GUZMANGO,0605
060505,SAN BENITO,0605
060506,SANTA CRUZ DE TOLEDO,0605
060507,TANTARICA,0605
060508,YONAN,0605
060601,CUTERVO,0606
060602,CALLAYUC,0606
060603,CHOROS,0606
060604,CUJILLO,0606
060605,LA RAMADA,0606
060606,PIMPINGOS,0606
060607,QUEROCOTILLO,0606
060608,SAN ANDRES DE CUTERVO,0606
060609,SAN JUAN DE CUTERVO,0606
060610,SAN LUIS DE LUCMA,0606
060611,SANTA CRUZ,0606
060612,SANTO DOMINGO DE LA CAPILLA,0606
060613,SANTO TOMAS,0606
060614,SOCOTA,0606
060615,TORIBIO CASANOVA,0606
060701,BAMBAMARCA,0607
060702,CHUGUR,0607
060703,HUALGAYOC,0607
060801,JAEN,0608
060802,BELLAVISTA,0608
060803,CHONTALI,0608
060804,COLASAY,0608
060805,HUABAL,0608
060806,LAS PIRIAS,0608
060807,POMAHUACA,0608
060808,PUCARA,0608
060809,SALLIQUE,0608
060810,SAN FELIPE,0608
060811,SAN JOSE DEL ALTO,0608
060812,SANTA ROSA,0608
060901,SAN IGNACIO,0609
060902,CHIRINOS,0609
060903,HUARANGO,0609
060904,LA COIPA,0609
060905,NAMBALLE,0609
060906,SAN JOSE DE LOURDES,0609
060907,TABACONAS,0609
061001,PEDRO GALVEZ,0610
061002,CHANCAY,0610
061003,EDUARDO VILLANUEVA,0610
061004,GREGORIO PITA,0610
061005,ICHOCAN,0610
061006,JOSE MANUEL QUIROZ,0610
061007,JOSE SABOGAL,0610
061101,SAN MIGUEL,0611
061102,BOLIVAR,0611
061103,CALQUIS,0611
061104,CATILLUC,0611
061105,EL PRADO,0611
061106,LA FLORIDA,0611
061107,LLAPA,0611
061108,NANCHOC,0611
061109,NIEPOS,0611
061110,SAN GREGORIO,0611
061111,SAN SILVESTRE DE COCHAN,0611
061112,TONGOD,0611
061113,UNION AGUA BLANCA,0611
061201,SAN PABLO,0612
061202,SAN BERNARDINO,0612
061203,SAN LUIS,0612
061204,TUMBADEN,0612
061301,SANTA CRUZ,0613
061302,ANDABAMBA,0613
061303,CATACHE,0613
061304,CHANCAYBAÑOS,0613
061305,LA ESPERANZA,0613
061306,NINABAMBA,0613
061307,PULAN,0613
061308,SAUCEPAMPA,0613
061309,SEXI,0613
061310,UTICYACU,0613
061311,YAUYUCAN,0613
070101,CALLAO,0701
070102,BELLAVISTA,0701
070103,CARMEN DE LA LEGUA REYNOSO,0701
070104,LA PERLA,0701
070105,LA PUNTA,0701
070106,VENTANILLA,0701
070107,MI PERU,0701
080101,CUSCO,0801
080102,CCORCA,0801
080103,POROY,0801
080104,SAN JERONIMO,0801
080105,SAN SEBASTIAN,0801
080106,SANTIAGO,0801
080107,SAYLLA,0801
080108,WANCHAQ,0801
080201,ACOMAYO,0802
080202,ACOPIA,0802
080203,ACOS,0802
080204,MOSOC LLACTA,0802
080205,POMACANCHI,0802
080206,RONDOCAN,0802
080207,SANGARARA,0802
080301,ANTA,0803
080302,ANCAHUASI,0803
080303,CACHIMAYO,0803
080304,CHINCHAYPUJIO,0803
080305,HUAROCONDO,0803
080306,LIMATAMBO,0803
080307,MOLLEPATA,0803
080308,PUCYURA,0803
080309,ZURITE,0803
080401,CALCA,0804
080402,COYA,0804
080403,LAMAY,0804
080404,LARES,0804
080405,PISAC,0804
080406,SAN SALVADOR,0804
080407,TARAY,0804
080408,YANATILE,0804
080501,YANAOCA,0805
080502,CHECCA,0805
080503,KUNTURKANKI,0805
080504,LANGUI,0805
080505,LAYO,0805
080506,PAMPAMARCA,0805
080507,QUEHUE,0805
080508,TUPAC AMARU,0805
080601,SICUANI,0806
080602,CHECACUPE,0806
080603,COMBAPATA,0806
080604,MARANGANI,0806
080605,PITUMARCA,0806
080606,SAN PABLO,0806
080607,SAN PEDRO,0806
080608,TINTA,0806
080701,SANTO TOMAS,0807
080702,CAPACMARCA,0807
080703,CHAMACA,0807
080704,COLQUEMARCA,0807
080705,LIVITACA,0807
080706,LLUSCO,0807
080707,QUIÑOTA,0807
080708,VELILLE,0807
080801,ESPINAR,0808
080802,CONDOROMA,0808
080803,COPORAQUE,0808
080804,OCORURO,0808
080805,PALLPATA,0808
080806,PICHIGUA,0808
080807,SUYCKUTAMBO,0808
080808,ALTO PICHIGUA,0808
080901,SANTA ANA,0809
080902,ECHARATE,0809
080903,HUAYOPATA,0809
080904,MARANURA,0809
080905,OCOBAMBA,0809
080906,QUELLOUNO,0809
080907,QUIMBIRI,0809
080908,SANTA TERESA,0809
080909,VILCABAMBA,0809
080910,PICHARI,0809
080911,INKAWASI,0809
080912,VILLA VIRGEN,0809
080913,VILLA KINTIARINA,0809
080914,MEGANTONI,0809
080915,KUMPIRUSHIATO,0809
080916,CIELO PUNCO,0809
080917,MANITEA,0809
080918,UNION ASHÁNINKA,0809
081001,PARURO,0810
081002,ACCHA,0810
081003,CCAPI,0810
081004,COLCHA,0810
081005,HUANOQUITE,0810
081006,OMACHA,0810
081007,PACCARITAMBO,0810
081008,PILLPINTO,0810
081009,YAURISQUE,0810
081101,PAUCARTAMBO,0811
081102,CAICAY,0811
081103,CHALLABAMBA,0811
081104,COLQUEPATA,0811
081105,HUANCARANI,0811
081106,KOSÑIPATA,0811
081201,URCOS,0812
081202,ANDAHUAYLILLAS,0812
081203,CAMANTI,0812
081204,CCARHUAYO,0812
081205,CCATCA,0812
081206,CUSIPATA,0812
081207,HUARO,0812
081208,LUCRE,0812
081209,MARCAPATA,0812
081210,OCONGATE,0812
081211,OROPESA,0812
081212,QUIQUIJANA,0812
081301,URUBAMBA,0813
081302,CHINCHERO,0813
081303,HUAYLLABAMBA,0813
081304,MACHUPICCHU,0813
081305,MARAS,0813
081306,OLLANTAYTAMBO,0813
081307,YUCAY,0813
090101,HUANCAVELICA,0901
090102,ACOBAMBILLA,0901
090103,ACORIA,0901
090104,CONAYCA,0901
090105,CUENCA,0901
090106,HUACHOCOLPA,0901
090107,HUAYLLAHUARA,0901
090108,IZCUCHACA,0901
090109,LARIA,0901
090110,MANTA,0901
090111,MARISCAL CACERES,0901
090112,MOYA,0901
090113,NUEVO OCCORO,0901
090114,PALCA,0901
090115,PILCHACA,0901
090116,VILCA,0901
090117,YAULI,0901
090118,ASCENSION,0901
090119,HUANDO,0901
090201,ACOBAMBA,0902
090202,ANDABAMBA,0902
090203,ANTA,0902
090204,CAJA,0902
090205,MARCAS,0902
090206,PAUCARA,0902
090207,POMACOCHA,0902
090208,ROSARIO,0902
090301,LIRCAY,0903
090302,ANCHONGA,0903
090303,CALLANMARCA,0903
090304,CCOCHACCASA,0903
090305,CHINCHO,0903
090306,CONGALLA,0903
090307,HUANCA-HUANCA,0903
090308,HUAYLLAY GRANDE,0903
090309,JULCAMARCA,0903
090310,SAN ANTONIO DE ANTAPARCO,0903
090311,SANTO TOMAS DE PATA,0903
090312,SECCLLA,0903
090401,CASTROVIRREYNA,0904
090402,ARMA,0904
090403,AURAHUA,0904
090404,CAPILLAS,0904
090405,CHUPAMARCA,0904
090406,COCAS,0904
090407,HUACHOS,0904
090408,HUAMATAMBO,0904
090409,MOLLEPAMPA,0904
090410,SAN JUAN,0904
090411,SANTA ANA,0904
090412,TANTARA,0904
090413,TICRAPO,0904
090501,CHURCAMPA,0905
090502,ANCO,0905
090503,CHINCHIHUASI,0905
090504,EL CARMEN,0905
090505,LA MERCED,0905
090506,LOCROJA,0905
090507,PAUCARBAMBA,0905
090508,SAN MIGUEL DE MAYOCC,0905
090509,SAN PEDRO DE CORIS,0905
090510,PACHAMARCA,0905
090511,COSME,0905
090601,HUAYTARA,0906
090602,AYAVI,0906
090603,CORDOVA,0906
090604,HUAYACUNDO ARMA,0906
090605,LARAMARCA,0906
090606,OCOYO,0906
090607,PILPICHACA,0906
090608,QUERCO,0906
090609,QUITO-ARMA,0906
090610,SAN ANTONIO DE CUSICANCHA,0906
090611,SAN FRANCISCO DE SANGAYAICO,0906
090612,SAN ISIDRO,0906
090613,SANTIAGO DE CHOCORVOS,0906
090614,SANTIAGO DE QUIRAHUARA,0906
090615,SANTO DOMINGO DE CAPILLAS,0906
090616,TAMBO,0906
090701,PAMPAS,0907
090702,ACOSTAMBO,0907
090703,ACRAQUIA,0907
090704,AHUAYCHA,0907
090705,COLCABAMBA,0907
090706,DANIEL HERNANDEZ,0907
090707,HUACHOCOLPA,0907
090709,HUARIBAMBA,0907
090710,ÑAHUIMPUQUIO,0907
090711,PAZOS,0907
090713,QUISHUAR,0907
090714,SALCABAMBA,0907
090715,SALCAHUASI,0907
090716,SAN MARCOS DE ROCCHAC,0907
090717,SURCUBAMBA,0907
090718,TINTAY PUNCU,0907
090719,QUICHUAS,0907
090720,ANDAYMARCA,0907
090721,ROBLE,0907
090722,PICHOS,0907
090723,SANTIAGO DE TUCUMA,0907
090724,LAMBRAS,0907
090725,COCHABAMBA,0907
100101,HUANUCO,1001
100102,AMARILIS,1001
100103,CHINCHAO,1001
100104,CHURUBAMBA,1001
100105,MARGOS,1001
100106,QUISQUI,1001
100107,SAN FRANCISCO DE CAYRAN,1001
100108,SAN PEDRO DE CHAULAN,1001
100109,SANTA MARIA DEL VALLE,1001
100110,YARUMAYO,1001
100111,PILLCO MARCA,1001
100112,YACUS,1001
100113,SAN PABLO DE PILLAO,1001
100201,AMBO,1002
100202,CAYNA,1002
100203,COLPAS,1002
100204,CONCHAMARCA,1002
100205,HUACAR,1002
100206,SAN FRANCISCO,1002
100207,SAN RAFAEL,1002
100208,TOMAY KICHWA,1002
100301,LA UNION,1003
100307,CHUQUIS,1003
100311,MARIAS,1003
100313,PACHAS,1003
100316,QUIVILLA,1003
100317,RIPAN,1003
100321,SHUNQUI,1003
100322,SILLAPATA,1003
100323,YANAS,1003
100401,HUACAYBAMBA,1004
100402,CANCHABAMBA,1004
100403,COCHABAMBA,1004
100404,PINRA,1004
100501,LLATA,1005
100502,ARANCAY,1005
100503,CHAVIN DE PARIARCA,1005
100504,JACAS GRANDE,1005
100505,JIRCAN,1005
100506,MIRAFLORES,1005
100507,MONZON,1005
100508,PUNCHAO,1005
100509,PUÑOS,1005
100510,SINGA,1005
100511,TANTAMAYO,1005
100601,RUPA-RUPA,1006
100602,DANIEL ALOMIAS ROBLES,1006
100603,HERMILIO VALDIZAN,1006
100604,JOSE CRESPO Y CASTILLO,1006
100605,LUYANDO,1006
100606,MARIANO DAMASO BERAUN,1006
100607,PUCAYACU,1006
100608,CASTILLO GRANDE,1006
100609,PUEBLO NUEVO,1006
100610,SANTO DOMINGO DE ANDA,1006
100701,HUACRACHUCO,1007
100702,CHOLON,1007
100703,SAN BUENAVENTURA,1007
100704,LA MORADA,1007
100705,SANTA ROSA DE ALTO YANAJANCA,1007
100801,PANAO,1008
100802,CHAGLLA,1008
100803,MOLINO,1008
100804,UMARI,1008
100901,PUERTO INCA,1009
100902,CODO DEL POZUZO,1009
100903,HONORIA,1009
100904,TOURNAVISTA,1009
100905,YUYAPICHIS,1009
101001,JESUS,1010
101002,BAÑOS,1010
101003,JIVIA,1010
101004,QUEROPALCA,1010
101005,RONDOS,1010
101006,SAN FRANCISCO DE ASIS,1010
101007,SAN MIGUEL DE CAURI,1010
101101,CHAVINILLO,1011
101102,CAHUAC,1011
101103,CHACABAMBA,1011
101104,APARICIO POMARES,1011
101105,JACAS CHICO,1011
101106,OBAS,1011
101107,PAMPAMARCA,1011
101108,CHORAS,1011
110101,ICA,1101
110102,LA TINGUIÑA,1101
110103,LOS AQUIJES,1101
110104,OCUCAJE,1101
110105,PACHACUTEC,1101
110106,PARCONA,1101
110107,PUEBLO NUEVO,1101
110108,SALAS,1101
110109,SAN JOSE DE LOS MOLINOS,1101
110110,SAN JUAN BAUTISTA,1101
110111,SANTIAGO,1101
110112,SUBTANJALLA,1101
110113,TATE,1101
110114,YAUCA DEL ROSARIO,1101
110201,CHINCHA ALTA,1102
110202,ALTO LARAN,1102
110203,CHAVIN,1102
110204,CHINCHA BAJA,1102
110205,EL CARMEN,1102
110206,GROCIO PRADO,1102
110207,PUEBLO NUEVO,1102
110208,SAN JUAN DE YANAC,1102
110209,SAN PEDRO DE HUACARPANA,1102
110210,SUNAMPE,1102
110211,TAMBO DE MORA,1102
110301,NAZCA,1103
110302,CHANGUILLO,1103
110303,EL INGENIO,1103
110304,MARCONA,1103
110305,VISTA ALEGRE,1103
110401,PALPA,1104
110402,LLIPATA,1104
110403,RIO GRANDE,1104
110404,SANTA CRUZ,1104
110405,TIBILLO,1104
110501,PISCO,1105
110502,HUANCANO,1105
110503,HUMAY,1105
110504,INDEPENDENCIA,1105
110505,PARACAS,1105
110506,SAN ANDRES,1105
110507,SAN CLEMENTE,1105
110508,TUPAC AMARU INCA,1105
120101,HUANCAYO,1201
120104,CARHUACALLANGA,1201
120105,CHACAPAMPA,1201
120106,CHICCHE,1201
120107,CHILCA,1201
120108,CHONGOS ALTO,1201
120111,CHUPURO,1201
120112,COLCA,1201
120113,CULLHUAS,1201
120114,EL TAMBO,1201
120116,HUACRAPUQUIO,1201
120117,HUALHUAS,1201
120119,HUANCAN,1201
120120,HUASICANCHA,1201
120121,HUAYUCACHI,1201
120122,INGENIO,1201
120124,PARIAHUANCA,1201
120125,PILCOMAYO,1201
120126,PUCARA,1201
120127,QUICHUAY,1201
120128,QUILCAS,1201
120129,SAN AGUSTIN,1201
120130,SAN JERONIMO DE TUNAN,1201
120132,SAÑO,1201
120133,SAPALLANGA,1201
120134,SICAYA,1201
120135,SANTO DOMINGO DE ACOBAMBA,1201
120136,VIQUES,1201
120201,CONCEPCION,1202
120202,ACO,1202
120203,ANDAMARCA,1202
120204,CHAMBARA,1202
120205,COCHAS,1202
120206,COMAS,1202
120207,HEROINAS TOLEDO,1202
120208,MANZANARES,1202
120209,MARISCAL CASTILLA,1202
120210,MATAHUASI,1202
120211,MITO,1202
120212,NUEVE DE JULIO,1202
120213,ORCOTUNA,1202
120214,SAN JOSE DE QUERO,1202
120215,SANTA ROSA DE OCOPA,1202
120301,CHANCHAMAYO,1203
120302,PERENE,1203
120303,PICHANAQUI,1203
120304,SAN LUIS DE SHUARO,1203
120305,SAN RAMON,1203
120306,VITOC,1203
120401,JAUJA,1204
120402,ACOLLA,1204
120403,APATA,1204
120404,ATAURA,1204
120405,CANCHAYLLO,1204
120406,CURICACA,1204
120407,EL MANTARO,1204
120408,HUAMALI,1204
120409,HUARIPAMPA,1204
120410,HUERTAS,1204
120411,JANJAILLO,1204
120412,JULCAN,1204
120413,LEONOR ORDOÑEZ,1204
120414,LLOCLLAPAMPA,1204
120415,MARCO,1204
120416,MASMA,1204
120417,MASMA CHICCHE,1204
120418,MOLINOS,1204
120419,MONOBAMBA,1204
120420,MUQUI,1204
120421,MUQUIYAUYO,1204
120422,PACA,1204
120423,PACCHA,1204
120424,PANCAN,1204
120425,PARCO,1204
120426,POMACANCHA,1204
120427,RICRAN,1204
120428,SAN LORENZO,1204
120429,SAN PEDRO DE CHUNAN,1204
120430,SAUSA,1204
120431,SINCOS,1204
120432,TUNAN MARCA,1204
120433,YAULI,1204
120434,YAUYOS,1204
120501,JUNIN,1205
120502,CARHUAMAYO,1205
120503,ONDORES,1205
120504,ULCUMAYO,1205
120601,SATIPO,1206
120602,COVIRIALI,1206
120603,LLAYLLA,1206
120604,MAZAMARI,1206
120605,PAMPA HERMOSA,1206
120606,PANGOA,1206
120607,RIO NEGRO,1206
120608,RIO TAMBO,1206
120609,VIZCATAN DEL ENE,1206
120701,TARMA,1207
120702,ACOBAMBA,1207
120703,HUARICOLCA,1207
120704,HUASAHUASI,1207
120705,LA UNION,1207
120706,PALCA,1207
120707,PALCAMAYO,1207
120708,SAN PEDRO DE CAJAS,1207
120709,TAPO,1207
120801,LA OROYA,1208
120802,CHACAPALPA,1208
120803,HUAY-HUAY,1208
120804,MARCAPOMACOCHA,1208
120805,MOROCOCHA,1208
120806,PACCHA,1208
120807,SANTA BARBARA DE CARHUACAYAN,1208
120808,SANTA ROSA DE SACCO,1208
120809,SUITUCANCHA,1208
120810,YAULI,1208
120901,CHUPACA,1209
120902,AHUAC,1209
120903,CHONGOS BAJO,1209
120904,HUACHAC,1209
120905,HUAMANCACA CHICO,1209
120906,SAN JUAN DE YSCOS,1209
120907,SAN JUAN DE JARPA,1209
120908,TRES DE DICIEMBRE,1209
120909,YANACANCHA,1209
130101,TRUJILLO,1301
130102,EL PORVENIR,1301
130103,FLORENCIA DE MORA,1301
130104,HUANCHACO,1301
130105,LA ESPERANZA,1301
130106,LAREDO,1301
130107,MOCHE,1301
130108,POROTO,1301
130109,SALAVERRY,1301
130110,SIMBAL,1301
130111,VICTOR LARCO HERRERA,1301
130201,ASCOPE,1302
130202,CHICAMA,1302
130203,CHOCOPE,1302
130204,MAGDALENA DE CAO,1302
130205,PAIJAN,1302
130206,RAZURI,1302
130207,SANTIAGO DE CAO,1302
130208,CASA GRANDE,1302
130301,BOLIVAR,1303
130302,BAMBAMARCA,1303
130303,CONDORMARCA,1303
130304,LONGOTEA,1303
130305,UCHUMARCA,1303
130306,UCUNCHA,1303
130401,CHEPEN,1304
130402,PACANGA,1304
130403,PUEBLO NUEVO,1304
130501,JULCAN,1305
130502,CALAMARCA,1305
130503,CARABAMBA,1305
130504,HUASO,1305
130601,OTUZCO,1306
130602,AGALLPAMPA,1306
130604,CHARAT,1306
130605,HUARANCHAL,1306
130606,LA CUESTA,1306
130608,MACHE,1306
130610,PARANDAY,1306
130611,SALPO,1306
130613,SINSICAP,1306
130614,USQUIL,1306
130701,SAN PEDRO DE LLOC,1307
130702,GUADALUPE,1307
130703,JEQUETEPEQUE,1307
130704,PACASMAYO,1307
130705,SAN JOSE,1307
130801,TAYABAMBA,1308
130802,BULDIBUYO,1308
130803,CHILLIA,1308
130804,HUANCASPATA,1308
130805,HUAYLILLAS,1308
130806,HUAYO,1308
130807,ONGON,1308
130808,PARCOY,1308
130809,PATAZ,1308
130810,PIAS,1308
130811,SANTIAGO DE CHALLAS,1308
130812,TAURIJA,1308
130813,URPAY,1308
130901,HUAMACHUCO,1309
130902,CHUGAY,1309
130903,COCHORCO,1309
130904,CURGOS,1309
130905,MARCABAL,1309
130906,SANAGORAN,1309
130907,SARIN,1309
130908,SARTIMBAMBA,1309
131001,SANTIAGO DE CHUCO,1310
131002,ANGASMARCA,1310
131003,CACHICADAN,1310
131004,MOLLEBAMBA,1310
131005,MOLLEPATA,1310
131006,QUIRUVILCA,1310
131007,SANTA CRUZ DE CHUCA,1310
131008,SITABAMBA,1310
131101,CASCAS,1311
131102,LUCMA,1311
131103,MARMOT,1311
131104,SAYAPULLO,1311
131201,VIRU,1312
131202,CHAO,1312
131203,GUADALUPITO,1312
140101,CHICLAYO,1401
140102,CHONGOYAPE,1401
140103,ETEN,1401
140104,ETEN PUERTO,1401
140105,JOSE LEONARDO ORTIZ,1401
140106,LA VICTORIA,1401
140107,LAGUNAS,1401
140108,MONSEFU,1401
140109,NUEVA ARICA,1401
140110,OYOTUN,1401
140111,PICSI,1401
140112,PIMENTEL,1401
140113,REQUE,1401
140114,SANTA ROSA,1401
140115,SAÑA,1401
140116,CAYALTI,1401
140117,PATAPO,1401
140118,POMALCA,1401
140119,PUCALA,1401
140120,TUMAN,1401
140201,FERREÑAFE,1402
140202,CAÑARIS,1402
140203,INCAHUASI,1402
140204,MANUEL ANTONIO MESONES MURO,1402
140205,PITIPO,1402
140206,PUEBLO NUEVO,1402
140301,LAMBAYEQUE,1403
140302,CHOCHOPE,1403
140303,ILLIMO,1403
140304,JAYANCA,1403
140305,MOCHUMI,1403
140306,MORROPE,1403
140307,MOTUPE,1403
140308,OLMOS,1403
140309,PACORA,1403
140310,SALAS,1403
140311,SAN JOSE,1403
140312,TUCUME,1403
150101,LIMA,1501
150102,ANCON,1501
150103,ATE,1501
150104,BARRANCO,1501
150105,BREÑA,1501
150106,CARABAYLLO,1501
150107,CHACLACAYO,1501
150108,CHORRILLOS,1501
150109,CIENEGUILLA,1501
150110,COMAS,1501
150111,EL AGUSTINO,1501
150112,INDEPENDENCIA,1501
150113,JESUS MARIA,1501
150114,LA MOLINA,1501
150115,LA VICTORIA,1501
150116,LINCE,1501
150117,LOS OLIVOS,1501
150118,LURIGANCHO,1501
150119,LURIN,1501
150120,MAGDALENA DEL MAR,1501
150121,PUEBLO LIBRE,1501
150122,MIRAFLORES,1501
150123,PACHACAMAC,1501
150124,PUCUSANA,1501
150125,PUENTE PIEDRA,1501
150126,PUNTA HERMOSA,1501
150127,PUNTA NEGRA,1501
150128,RIMAC,1501
150129,SAN BARTOLO,1501
150130,SAN BORJA,1501
150131,SAN ISIDRO,1501
150132,SAN JUAN DE LURIGANCHO,1501
150133,SAN JUAN DE MIRAFLORES,1501
150134,SAN LUIS,1501
150135,SAN MARTIN DE PORRES,1501
150136,SAN MIGUEL,1501
150137,SANTA ANITA,1501
150138,SANTA MARIA DEL MAR,1501
150139,SANTA ROSA,1501
150140,SANTIAGO DE SURCO,1501
150141,SURQUILLO,1501
150142,VILLA EL SALVADOR,1501
150143,VILLA MARIA DEL TRIUNFO,1501
150144,SANTA MARIA DE HUACHIPA,1501
150201,BARRANCA,1502
150202,PARAMONGA,1502
150203,PATIVILCA,1502
150204,SUPE,1502
150205,SUPE PUERTO,1502
150301,CAJATAMBO,1503
150302,COPA,1503
150303,GORGOR,1503
150304,HUANCAPON,1503
150305,MANAS,1503
150401,CANTA,1504
150402,ARAHUAY,1504
150403,HUAMANTANGA,1504
150404,HUAROS,1504
150405,LACHAQUI,1504
150406,SAN BUENAVENTURA,1504
150407,SANTA ROSA DE QUIVES,1504
150501,SAN VICENTE DE CAÑETE,1505
150502,ASIA,1505
150503,CALANGO,1505
150504,CERRO AZUL,1505
150505,CHILCA,1505
150506,COAYLLO,1505
150507,IMPERIAL,1505
150508,LUNAHUANA,1505
150509,MALA,1505
150510,NUEVO IMPERIAL,1505
150511,PACARAN,1505
150512,QUILMANA,1505
150513,SAN ANTONIO,1505
150514,SAN LUIS,1505
150515,SANTA CRUZ DE FLORES,1505
150516,ZUÑIGA,1505
150601,HUARAL,1506
150602,ATAVILLOS ALTO,1506
150603,ATAVILLOS BAJO,1506
150604,AUCALLAMA,1506
150605,CHANCAY,1506
150606,IHUARI,1506
150607,LAMPIAN,1506
150608,PACARAOS,1506
150609,SAN MIGUEL DE ACOS,1506
150610,SANTA CRUZ DE ANDAMARCA,1506
150611,SUMBILCA,1506
150612,VEINTISIETE DE NOVIEMBRE,1506
150701,MATUCANA,1507
150702,ANTIOQUIA,1507
150703,CALLAHUANCA,1507
150704,CARAMPOMA,1507
150705,CHICLA,1507
150706,CUENCA,1507
150707,HUACHUPAMPA,1507
150708,HUANZA,1507
150709,HUAROCHIRI,1507
150710,LAHUAYTAMBO,1507
150711,LANGA,1507
150712,LARAOS,1507
150713,MARIATANA,1507
150714,RICARDO PALMA,1507
150715,SAN ANDRES DE TUPICOCHA,1507
150716,SAN ANTONIO,1507
150717,SAN BARTOLOME,1507
150718,SAN DAMIAN,1507
150719,SAN JUAN DE IRIS,1507
150720,SAN JUAN DE TANTARANCHE,1507
150721,SAN LORENZO DE QUINTI,1507
150722,SAN MATEO,1507
150723,SAN MATEO DE OTAO,1507
150724,SAN PEDRO DE CASTA,1507
150725,SAN PEDRO DE HUANCAYRE,1507
150726,SANGALLAYA,1507
150727,SANTA CRUZ DE COCACHACRA,1507
150728,SANTA EULALIA,1507
150729,SANTIAGO DE ANCHUCAYA,1507
150730,SANTIAGO DE TUNA,1507
150731,SANTO DOMINGO DE LOS OLLEROS,1507
150732,SURCO,1507
150801,HUACHO,1508
150802,AMBAR,1508
150803,CALETA DE CARQUIN,1508
150804,CHECRAS,1508
150805,HUALMAY,1508
150806,HUAURA,1508
150807,LEONCIO PRADO,1508
150808,PACCHO,1508
150809,SANTA LEONOR,1508
150810,SANTA MARIA,1508
150811,SAYAN,1508
150812,VEGUETA,1508
150901,OYON,1509
150902,ANDAJES,1509
150903,CAUJUL,1509
150904,COCHAMARCA,1509
150905,NAVAN,1509
150906,PACHANGARA,1509
151001,YAUYOS,1510
151002,ALIS,1510
151003,AYAUCA,1510
151004,AYAVIRI,1510
151005,AZANGARO,1510
151006,CACRA,1510
151007,CARANIA,1510
151008,CATAHUASI,1510
151009,CHOCOS,1510
151010,COCHAS,1510
151011,COLONIA,1510
151012,HONGOS,1510
151013,HUAMPARA,1510
151014,HUANCAYA,1510
151015,HUANGASCAR,1510
151016,HUANTAN,1510
151017,HUAÑEC,1510
151018,LARAOS,1510
151019,LINCHA,1510
151020,MADEAN,1510
151021,MIRAFLORES,1510
151022,OMAS,1510
151023,PUTINZA,1510
151024,QUINCHES,1510
151025,QUINOCAY,1510
151026,SAN JOAQUIN,1510
151027,SAN PEDRO DE PILAS,1510
151028,TANTA,1510
151029,TAURIPAMPA,1510
151030,TOMAS,1510
151031,TUPE,1510
151032,VIÑAC,1510
151033,VITIS,1510
160101,IQUITOS,1601
160102,ALTO NANAY,1601
160103,FERNANDO LORES,1601
160104,INDIANA,1601
160105,LAS AMAZONAS,1601
160106,MAZAN,1601
160107,NAPO,1601
160108,PUNCHANA,1601
160109,PUTUMAYO,1601
160110,TORRES CAUSANA,1601
160112,BELEN,1601
160113,SAN JUAN BAUTISTA,1601
160114,TENIENTE MANUEL CLAVERO,1601
160201,YURIMAGUAS,1602
160202,BALSAPUERTO,1602
160205,JEBEROS,1602
160206,LAGUNAS,1602
160210,SANTA CRUZ,1602
160211,TENIENTE CESAR LOPEZ ROJAS,1602
160301,NAUTA,1603
160302,PARINARI,1603
160303,TIGRE,1603
160304,TROMPETEROS,1603
160305,URARINAS,1603
160401,RAMON CASTILLA,1604
160402,PEBAS,1604
160403,YAVARI,1604
160404,SAN PABLO,1604
160501,REQUENA,1605
160502,ALTO TAPICHE,1605
160503,CAPELO,1605
160504,EMILIO SAN MARTIN,1605
160505,MAQUIA,1605
160506,PUINAHUA,1605
160507,SAQUENA,1605
160508,SOPLIN,1605
160509,TAPICHE,1605
160510,JENARO HERRERA,1605
160511,YAQUERANA,1605
160601,CONTAMANA,1606
160602,INAHUAYA,1606
160603,PADRE MARQUEZ,1606
160604,PAMPA HERMOSA,1606
160605,SARAYACU,1606
160606,VARGAS GUERRA,1606
160701,BARRANCA,1607
160702,CAHUAPANAS,1607
160703,MANSERICHE,1607
160704,MORONA,1607
160705,PASTAZA,1607
160706,ANDOAS,1607
160801,PUTUMAYO,1608
160802,ROSA PANDURO,1608
160803,TENIENTE MANUEL CLAVERO,1608
160804,YAGUAS,1608
170101,TAMBOPATA,1701
170102,INAMBARI,1701
170103,LAS PIEDRAS,1701
170104,LABERINTO,1701
170201,MANU,1702
170202,FITZCARRALD,1702
170203,MADRE DE DIOS,1702
170204,HUEPETUHE,1702
170301,IÑAPARI,1703
170302,IBERIA,1703
170303,TAHUAMANU,1703
180101,MOQUEGUA,1801
180102,CARUMAS,1801
180103,CUCHUMBAYA,1801
180104,SAMEGUA,1801
180105,SAN CRISTOBAL,1801
180106,TORATA,1801
180199,SAN ANTONIO,1801
180201,OMATE,1802
180202,CHOJATA,1802
180203,COALAQUE,1802
180204,ICHUÑA,1802
180205,LA CAPILLA,1802
180206,LLOQUE,1802
180207,MATALAQUE,1802
180208,PUQUINA,1802
180209,QUINISTAQUILLAS,1802
180210,UBINAS,1802
180211,YUNGA,1802
180301,ILO,1803
180302,EL ALGARROBAL,1803
180303,PACOCHA,1803
190101,CHAUPIMARCA,1901
190102,HUACHON,1901
190103,HUARIACA,1901
190104,HUAYLLAY,1901
190105,NINACACA,1901
190106,PALLANCHACRA,1901
190107,PAUCARTAMBO,1901
190108,SAN FRANCISCO DE ASIS DE YARUSYACAN,1901
190109,SIMON BOLIVAR,1901
190110,TICLACAYAN,1901
190111,TINYAHUARCO,1901
190112,VICCO,1901
190113,YANACANCHA,1901
190201,YANAHUANCA,1902
190202,CHACAYAN,1902
190203,GOYLLARISQUIZGA,1902
190204,PAUCAR,1902
190205,SAN PEDRO DE PILLAO,1902
190206,SANTA ANA DE TUSI,1902
190207,TAPUC,1902
190208,VILCABAMBA,1902
190301,OXAPAMPA,1903
190302,CHONTABAMBA,1903
190303,HUANCABAMBA,1903
190304,PALCAZU,1903
190305,POZUZO,1903
190306,PUERTO BERMUDEZ,1903
190307,VILLA RICA,1903
190308,CONSTITUCION,1903
200101,PIURA,2001
200104,CASTILLA,2001
200105,CATACAOS,2001
200107,CURA MORI,2001
200108,EL TALLAN,2001
200109,LA ARENA,2001
200110,LA UNION,2001
200111,LAS LOMAS,2001
200114,TAMBO GRANDE,2001
200115,VEINTISEIS DE OCTUBRE,2001
200201,AYABACA,2002
200202,FRIAS,2002
200203,JILILI,2002
200204,LAGUNAS,2002
200205,MONTERO,2002
200206,PACAIPAMPA,2002
200207,PAIMAS,2002
200208,SAPILLICA,2002
200209,SICCHEZ,2002
200210,SUYO,2002
200301,HUANCABAMBA,2003
200302,CANCHAQUE,2003
200303,EL CARMEN DE LA FRONTERA,2003
200304,HUARMACA,2003
200305,LALAQUIZ,2003
200306,SAN MIGUEL DE EL FAIQUE,2003
200307,SONDOR,2003
200308,SONDORILLO,2003
200401,CHULUCANAS,2004
200402,BUENOS AIRES,2004
200403,CHALACO,2004
200404,LA MATANZA,2004
200405,MORROPON,2004
200406,SALITRAL,2004
200407,SAN JUAN DE BIGOTE,2004
200408,SANTA CATALINA DE MOSSA,2004
200409,SANTO DOMINGO,2004
200410,YAMANGO,2004
200501,PAITA,2005
200502,AMOTAPE,2005
200503,ARENAL,2005
200504,COLAN,2005
200505,LA HUACA,2005
200506,TAMARINDO,2005
200507,VICHAYAL,2005
200601,SULLANA,2006
200602,BELLAVISTA,2006
200603,IGNACIO ESCUDERO,2006
200604,LANCONES,2006
200605,MARCAVELICA,2006
200606,MIGUEL CHECA,2006
200607,QUERECOTILLO,2006
200608,SALITRAL,2006
200701,PARIÑAS,2007
200702,EL ALTO,2007
200703,LA BREA,2007
200704,LOBITOS,2007
200705,LOS ORGANOS,2007
200706,MANCORA,2007
200801,SECHURA,2008
200802,BELLAVISTA DE LA UNION,2008
200803,BERNAL,2008
200804,CRISTO NOS VALGA,2008
200805,VICE,2008
200806,RINCONADA LLICUAR,2008
210101,PUNO,2101
210102,ACORA,2101
210103,AMANTANI,2101
210104,ATUNCOLLA,2101
210105,CAPACHICA,2101
210106,CHUCUITO,2101
210107,COATA,2101
210108,HUATA,2101
210109,MAÑAZO,2101
210110,PAUCARCOLLA,2101
210111,PICHACANI,2101
210112,PLATERIA,2101
210113,SAN ANTONIO,2101
210114,TIQUILLACA,2101
210115,VILQUE,2101
210201,AZANGARO,2102
210202,ACHAYA,2102
210203,ARAPA,2102
210204,ASILLO,2102
210205,CAMINACA,2102
210206,CHUPA,2102
210207,JOSE DOMINGO CHOQUEHUANCA,2102
210208,MUÑANI,2102
210209,POTONI,2102
210210,SAMAN,2102
210211,SAN ANTON,2102
210212,SAN JOSE,2102
210213,SAN JUAN DE SALINAS,2102
210214,SANTIAGO DE PUPUJA,2102
210215,TIRAPATA,2102
210301,MACUSANI,2103
210302,AJOYANI,2103
210303,AYAPATA,2103
210304,COASA,2103
210305,CORANI,2103
210306,CRUCERO,2103
210307,ITUATA,2103
210308,OLLACHEA,2103
210309,SAN GABAN,2103
210310,USICAYOS,2103
210401,JULI,2104
210402,DESAGUADERO,2104
210403,HUACULLANI,2104
210404,KELLUYO,2104
210405,PISACOMA,2104
210406,POMATA,2104
210407,ZEPITA,2104
210501,ILAVE,2105
210502,CAPAZO,2105
210503,PILCUYO,2105
210504,SANTA ROSA,2105
210505,CONDURIRI,2105
210601,HUANCANE,2106
210602,COJATA,2106
210603,HUATASANI,2106
210604,INCHUPALLA,2106
210605,PUSI,2106
210606,ROSASPATA,2106
210607,TARACO,2106
210608,VILQUE CHICO,2106
210701,LAMPA,2107
210702,CABANILLA,2107
210703,CALAPUJA,2107
210704,NICASIO,2107
210705,OCUVIRI,2107
210706,PALCA,2107
210707,PARATIA,2107
210708,PUCARA,2107
210709,SANTA LUCIA,2107
210710,VILAVILA,2107
210801,AYAVIRI,2108
210802,ANTAUTA,2108
210803,CUPI,2108
210804,LLALLI,2108
210805,MACARI,2108
210806,NUÑOA,2108
210807,ORURILLO,2108
210808,SANTA ROSA,2108
210809,UMACHIRI,2108
210901,MOHO,2109
210902,CONIMA,2109
210903,HUAYRAPATA,2109
210904,TILALI,2109
211001,PUTINA,2110
211002,ANANEA,2110
211003,PEDRO VILCA APAZA,2110
211004,QUILCAPUNCU,2110
211005,SINA,2110
211101,JULIACA,2111
211102,CABANA,2111
211103,CABANILLAS,2111
211104,CARACOTO,2111
211105,SAN MIGUEL,2111
211201,SANDIA,2112
211202,CUYOCUYO,2112
211203,LIMBANI,2112
211204,PATAMBUCO,2112
211205,PHARA,2112
211206,QUIACA,2112
211207,SAN JUAN DEL ORO,2112
211208,YANAHUAYA,2112
211209,ALTO INAMBARI,2112
211210,SAN PEDRO DE PUTINA PUNCO,2112
211301,YUNGUYO,2113
211302,ANAPIA,2113
211303,COPANI,2113
211304,CUTURAPI,2113
211305,OLLARAYA,2113
211306,TINICACHI,2113
211307,UNICACHI,2113
220101,MOYOBAMBA,2201
220102,CALZADA,2201
220103,HABANA,2201
220104,JEPELACIO,2201
220105,SORITOR,2201
220106,YANTALO,2201
220201,BELLAVISTA,2202
220202,ALTO BIAVO,2202
220203,BAJO BIAVO,2202
220204,HUALLAGA,2202
220205,SAN PABLO,2202
220206,SAN RAFAEL,2202
220301,SAN JOSE DE SISA,2203
220302,AGUA BLANCA,2203
220303,SAN MARTIN,2203
220304,SANTA ROSA,2203
220305,SHATOJA,2203
220401,SAPOSOA,2204
220402,ALTO SAPOSOA,2204
220403,EL ESLABON,2204
220404,PISCOYACU,2204
220405,SACANCHE,2204
220406,TINGO DE SAPOSOA,2204
220501,LAMAS,2205
220502,ALONSO DE ALVARADO,2205
220503,BARRANQUITA,2205
220504,CAYNARACHI,2205
220505,CUÑUMBUQUI,2205
220506,PINTO RECODO,2205
220507,RUMISAPA,2205
220508,SAN ROQUE DE CUMBAZA,2205
220509,SHANAO,2205
220510,TABALOSOS,2205
220511,ZAPATERO,2205
220601,JUANJUI,2206
220602,CAMPANILLA,2206
220603,HUICUNGO,2206
220604,PACHIZA,2206
220605,PAJARILLO,2206
220701,PICOTA,2207
220702,BUENOS AIRES,2207
220703,CASPISAPA,2207
220704,PILLUANA,2207
220705,PUCACACA,2207
220706,SAN CRISTOBAL,2207
220707,SAN HILARION,2207
220708,SHAMBOYACU,2207
220709,TINGO DE PONASA,2207
220710,TRES UNIDOS,2207
220801,RIOJA,2208
220802,AWAJUN,2208
220803,ELIAS SOPLIN VARGAS,2208
220804,NUEVA CAJAMARCA,2208
220805,PARDO MIGUEL,2208
220806,POSIC,2208
220807,SAN FERNANDO,2208
220808,YORONGOS,2208
220809,YURACYACU,2208
220901,TARAPOTO,2209
220902,ALBERTO LEVEAU,2209
220903,CACATACHI,2209
220904,CHAZUTA,2209
220905,CHIPURANA,2209
220906,EL PORVENIR,2209
220907,HUIMBAYOC,2209
220908,JUAN GUERRA,2209
220909,LA BANDA DE SHILCAYO,2209
220910,MORALES,2209
220911,PAPAPLAYA,2209
220912,SAN ANTONIO,2209
220913,SAUCE,2209
220914,SHAPAJA,2209
221001,TOCACHE,2210
221002,NUEVO PROGRESO,2210
221003,POLVORA,2210
221004,SHUNTE,2210
221005,UCHIZA,2210
221006,SANTA LUCIA,2210
230101,TACNA,2301
230102,ALTO DE LA ALIANZA,2301
230103,CALANA,2301
230104,CIUDAD NUEVA,2301
230105,INCLAN,2301
230106,PACHIA,2301
230107,PALCA,2301
230108,POCOLLAY,2301
230109,SAMA,2301
230110,CORONEL GREGORIO ALBARRACIN LANCHIP,2301
230111,LA YARADA LOS PALOS,2301
230201,CANDARAVE,2302
230202,CAIRANI,2302
230203,CAMILACA,2302
230204,CURIBAYA,2302
230205,HUANUARA,2302
230206,QUILAHUANI,2302
230301,LOCUMBA,2303
230302,ILABAYA,2303
230303,ITE,2303
230401,TARATA,2304
230402,CHUCATAMANI,2304
230403,ESTIQUE,2304
230404,ESTIQUE-PAMPA,2304
230405,SITAJARA,2304
230406,SUSAPAYA,2304
230407,TARUCACHI,2304
230408,TICACO,2304
240101,TUMBES,2401
240102,CORRALES,2401
240103,LA CRUZ,2401
240104,PAMPAS DE HOSPITAL,2401
240105,SAN JACINTO,2401
240106,SAN JUAN DE LA VIRGEN,2401
240201,ZORRITOS,2402
240202,CASITAS,2402
240203,CANOAS DE PUNTA SAL,2402
240301,ZARUMILLA,2403
240302,AGUAS VERDES,2403
240303,MATAPALO,2403
240304,PAPAYAL,2403
250101,CALLERIA,2501
250102,CAMPOVERDE,2501
250103,IPARIA,2501
250104,MASISEA,2501
250105,YARINACOCHA,2501
250106,NUEVA REQUENA,2501
250107,MANANTAY,2501
250201,RAYMONDI,2502
250202,SEPAHUA,2502
250203,TAHUANIA,2502
250204,YURUA,2502
250301,PADRE ABAD,2503
250302,IRAZOLA,2503
250303,CURIMANA,2503
250304,NESHUYA,2503
250305,ALEXANDER VON HUMBOLDT,2503
250306,HUIPOCA,2503
250307,BOQUERON,2503
250401,PURUS,2504
